dataDate;community;province;selfConsumption;sumPouredEnergy_kWh;sumContracts;sumPower_kW
2024-05-01;Comunitat Valenciana;Alicante;Con excedentes sin compensación Colectivo sin cto de SSAA a través de red - Consumo;2;13;undefined;
2024-05-01;Comunitat Valenciana;Valencia;Con excedentes sin compensación Colectivo sin cto de SSAA a través de red - Consumo;142;16;undefined;
2024-05-01;Comunitat Valenciana;Castellón;Con excedentes sin compensación Individual con contrato de SSAA en Red Interior;582625;14;151135;
2024-05-01;Comunitat Valenciana;Alicante;Con excedentes sin compensación Individual en Red Interior;2660;35;7237;
2024-05-01;Comunitat Valenciana;Castellón;Con excedentes sin compensación Individual en Red Interior;82651;18;33626;
2024-05-01;Comunitat Valenciana;Valencia;Con excedentes sin compensación Individual en Red Interior;23862;58;19502;
2024-05-01;Comunitat Valenciana;Alicante;Con excedentes y compensación Colectivo;1963;657;1181;
2024-05-01;Comunitat Valenciana;Castellón;Con excedentes y compensación Colectivo;593;76;330;
2024-05-01;Comunitat Valenciana;Valencia;Con excedentes y compensación Colectivo;2165;334;1260;
2024-05-01;Comunitat Valenciana;Alicante;Con excedentes y compensación Colectivo a través de red - Consumo;1859;197;1041;
2024-05-01;Comunitat Valenciana;Castellón;Con excedentes y compensación Colectivo a través de red - Consumo;1348;129;640;
2024-05-01;Comunitat Valenciana;Valencia;Con excedentes y compensación Colectivo a través de red - Consumo;5938;1031;2993;
2024-05-01;Comunitat Valenciana;Alicante;Con excedentes y compensación Individual;410215;34782;206737;
2024-05-01;Comunitat Valenciana;Castellón;Con excedentes y compensación Individual;87873;6884;41266;
2024-05-01;Comunitat Valenciana;Valencia;Con excedentes y compensación Individual;459767;33149;190597;
2024-05-01;Comunitat Valenciana;Alicante;Sin Excedentes Individual;0;1013;43932;
2024-05-01;Comunitat Valenciana;Castellón;Sin Excedentes Individual;0;223;31793;
2024-05-01;Comunitat Valenciana;Valencia;Sin Excedentes Individual;0;859;50691;
2024-05-02;Comunitat Valenciana;Alicante;Con excedentes sin compensación Colectivo sin cto de SSAA a través de red - Consumo;5;13;undefined;
2024-05-02;Comunitat Valenciana;Valencia;Con excedentes sin compensación Colectivo sin cto de SSAA a través de red - Consumo;194;16;undefined;
2024-05-02;Comunitat Valenciana;Castellón;Con excedentes sin compensación Individual con contrato de SSAA en Red Interior;650130;14;151135;
2024-05-02;Comunitat Valenciana;Alicante;Con excedentes sin compensación Individual en Red Interior;4282;35;7237;
2024-05-02;Comunitat Valenciana;Castellón;Con excedentes sin compensación Individual en Red Interior;83909;18;33626;
2024-05-02;Comunitat Valenciana;Valencia;Con excedentes sin compensación Individual en Red Interior;37190;58;19502;
2024-05-02;Comunitat Valenciana;Alicante;Con excedentes y compensación Colectivo;3750;657;1181;
2024-05-02;Comunitat Valenciana;Castellón;Con excedentes y compensación Colectivo;920;76;330;
2024-05-02;Comunitat Valenciana;Valencia;Con excedentes y compensación Colectivo;3185;335;1260;
2024-05-02;Comunitat Valenciana;Alicante;Con excedentes y compensación Colectivo a través de red - Consumo;2929;197;1041;
2024-05-02;Comunitat Valenciana;Castellón;Con excedentes y compensación Colectivo a través de red - Consumo;1344;129;640;
2024-05-02;Comunitat Valenciana;Valencia;Con excedentes y compensación Colectivo a través de red - Consumo;8261;1031;2993;
2024-05-02;Comunitat Valenciana;Alicante;Con excedentes y compensación Individual;762932;34782;206737;
2024-05-02;Comunitat Valenciana;Castellón;Con excedentes y compensación Individual;130910;6884;41266;
2024-05-02;Comunitat Valenciana;Valencia;Con excedentes y compensación Individual;705239;33151;190600;
2024-05-02;Comunitat Valenciana;Alicante;Sin Excedentes Individual;0;1013;43932;
2024-05-02;Comunitat Valenciana;Castellón;Sin Excedentes Individual;0;223;31793;
2024-05-02;Comunitat Valenciana;Valencia;Sin Excedentes Individual;0;859;50691;
2024-05-03;Comunitat Valenciana;Alicante;Con excedentes sin compensación Colectivo sin cto de SSAA a través de red - Consumo;4;13;undefined;
2024-05-03;Comunitat Valenciana;Valencia;Con excedentes sin compensación Colectivo sin cto de SSAA a través de red - Consumo;192;16;undefined;
2024-05-03;Comunitat Valenciana;Castellón;Con excedentes sin compensación Individual con contrato de SSAA en Red Interior;706698;14;151135;
2024-05-03;Comunitat Valenciana;Alicante;Con excedentes sin compensación Individual en Red Interior;3976;35;7237;
2024-05-03;Comunitat Valenciana;Castellón;Con excedentes sin compensación Individual en Red Interior;86683;18;33626;
2024-05-03;Comunitat Valenciana;Valencia;Con excedentes sin compensación Individual en Red Interior;34684;58;19502;
2024-05-03;Comunitat Valenciana;Alicante;Con excedentes y compensación Colectivo;3680;657;1181;
2024-05-03;Comunitat Valenciana;Castellón;Con excedentes y compensación Colectivo;1162;76;330;
2024-05-03;Comunitat Valenciana;Valencia;Con excedentes y compensación Colectivo;3176;335;1260;
2024-05-03;Comunitat Valenciana;Alicante;Con excedentes y compensación Colectivo a través de red - Consumo;2941;197;1041;
2024-05-03;Comunitat Valenciana;Castellón;Con excedentes y compensación Colectivo a través de red - Consumo;1666;129;640;
2024-05-03;Comunitat Valenciana;Valencia;Con excedentes y compensación Colectivo a través de red - Consumo;8259;1031;2993;
2024-05-03;Comunitat Valenciana;Alicante;Con excedentes y compensación Individual;770986;34819;206738;
2024-05-03;Comunitat Valenciana;Castellón;Con excedentes y compensación Individual;150225;6892;41266;
2024-05-03;Comunitat Valenciana;Valencia;Con excedentes y compensación Individual;706112;33186;190600;
2024-05-03;Comunitat Valenciana;Alicante;Sin Excedentes Individual;0;1018;43932;
2024-05-03;Comunitat Valenciana;Castellón;Sin Excedentes Individual;0;223;31793;
2024-05-03;Comunitat Valenciana;Valencia;Sin Excedentes Individual;0;859;50691;
2024-05-04;Comunitat Valenciana;Alicante;Con excedentes sin compensación Colectivo sin cto de SSAA a través de red - Consumo;4;13;undefined;
2024-05-04;Comunitat Valenciana;Valencia;Con excedentes sin compensación Colectivo sin cto de SSAA a través de red - Consumo;186;16;undefined;
2024-05-04;Comunitat Valenciana;Castellón;Con excedentes sin compensación Individual con contrato de SSAA en Red Interior;423900;14;151135;
2024-05-04;Comunitat Valenciana;Alicante;Con excedentes sin compensación Individual en Red Interior;6096;36;7237;
2024-05-04;Comunitat Valenciana;Castellón;Con excedentes sin compensación Individual en Red Interior;85789;18;33626;
2024-05-04;Comunitat Valenciana;Valencia;Con excedentes sin compensación Individual en Red Interior;43552;58;19502;
2024-05-04;Comunitat Valenciana;Alicante;Con excedentes y compensación Colectivo;3666;657;1181;
2024-05-04;Comunitat Valenciana;Castellón;Con excedentes y compensación Colectivo;1247;76;330;
2024-05-04;Comunitat Valenciana;Valencia;Con excedentes y compensación Colectivo;3454;336;1260;
2024-05-04;Comunitat Valenciana;Alicante;Con excedentes y compensación Colectivo a través de red - Consumo;3388;197;1041;
2024-05-04;Comunitat Valenciana;Castellón;Con excedentes y compensación Colectivo a través de red - Consumo;2072;129;640;
2024-05-04;Comunitat Valenciana;Valencia;Con excedentes y compensación Colectivo a través de red - Consumo;9462;1032;2993;
2024-05-04;Comunitat Valenciana;Alicante;Con excedentes y compensación Individual;830589;34879;206737;
2024-05-04;Comunitat Valenciana;Castellón;Con excedentes y compensación Individual;157941;6901;41266;
2024-05-04;Comunitat Valenciana;Valencia;Con excedentes y compensación Individual;742393;33221;190600;
2024-05-04;Comunitat Valenciana;Alicante;Sin Excedentes Individual;0;1018;43932;
2024-05-04;Comunitat Valenciana;Castellón;Sin Excedentes Individual;0;223;31793;
2024-05-04;Comunitat Valenciana;Valencia;Sin Excedentes Individual;0;861;50691;
2024-05-05;Comunitat Valenciana;Alicante;Con excedentes sin compensación Colectivo sin cto de SSAA a través de red - Consumo;4;13;undefined;
2024-05-05;Comunitat Valenciana;Valencia;Con excedentes sin compensación Colectivo sin cto de SSAA a través de red - Consumo;173;16;undefined;
2024-05-05;Comunitat Valenciana;Castellón;Con excedentes sin compensación Individual con contrato de SSAA en Red Interior;365749;14;151135;
2024-05-05;Comunitat Valenciana;Alicante;Con excedentes sin compensación Individual en Red Interior;6760;36;7237;
2024-05-05;Comunitat Valenciana;Castellón;Con excedentes sin compensación Individual en Red Interior;62125;18;33626;
2024-05-05;Comunitat Valenciana;Valencia;Con excedentes sin compensación Individual en Red Interior;40501;58;19502;
2024-05-05;Comunitat Valenciana;Alicante;Con excedentes y compensación Colectivo;2947;657;1181;
2024-05-05;Comunitat Valenciana;Castellón;Con excedentes y compensación Colectivo;966;76;330;
2024-05-05;Comunitat Valenciana;Valencia;Con excedentes y compensación Colectivo;3088;336;1260;
2024-05-05;Comunitat Valenciana;Alicante;Con excedentes y compensación Colectivo a través de red - Consumo;2944;197;1041;
2024-05-05;Comunitat Valenciana;Castellón;Con excedentes y compensación Colectivo a través de red - Consumo;1853;133;640;
2024-05-05;Comunitat Valenciana;Valencia;Con excedentes y compensación Colectivo a través de red - Consumo;7958;1032;2993;
2024-05-05;Comunitat Valenciana;Alicante;Con excedentes y compensación Individual;709044;34882;206737;
2024-05-05;Comunitat Valenciana;Castellón;Con excedentes y compensación Individual;131553;6904;41266;
2024-05-05;Comunitat Valenciana;Valencia;Con excedentes y compensación Individual;626706;33223;190600;
2024-05-05;Comunitat Valenciana;Alicante;Sin Excedentes Individual;0;1018;43932;
2024-05-05;Comunitat Valenciana;Castellón;Sin Excedentes Individual;0;223;31793;
2024-05-05;Comunitat Valenciana;Valencia;Sin Excedentes Individual;0;861;50691;
2024-05-06;Comunitat Valenciana;Alicante;Con excedentes sin compensación Colectivo sin cto de SSAA a través de red - Consumo;0;13;undefined;
2024-05-06;Comunitat Valenciana;Valencia;Con excedentes sin compensación Colectivo sin cto de SSAA a través de red - Consumo;145;16;undefined;
2024-05-06;Comunitat Valenciana;Castellón;Con excedentes sin compensación Individual con contrato de SSAA en Red Interior;506571;14;151135;
2024-05-06;Comunitat Valenciana;Alicante;Con excedentes sin compensación Individual en Red Interior;2008;36;7237;
2024-05-06;Comunitat Valenciana;Castellón;Con excedentes sin compensación Individual en Red Interior;68735;18;33626;
2024-05-06;Comunitat Valenciana;Valencia;Con excedentes sin compensación Individual en Red Interior;15509;58;19502;
2024-05-06;Comunitat Valenciana;Alicante;Con excedentes y compensación Colectivo;809;657;1181;
2024-05-06;Comunitat Valenciana;Castellón;Con excedentes y compensación Colectivo;797;76;330;
2024-05-06;Comunitat Valenciana;Valencia;Con excedentes y compensación Colectivo;1781;336;1260;
2024-05-06;Comunitat Valenciana;Alicante;Con excedentes y compensación Colectivo a través de red - Consumo;966;197;1041;
2024-05-06;Comunitat Valenciana;Castellón;Con excedentes y compensación Colectivo a través de red - Consumo;1105;133;640;
2024-05-06;Comunitat Valenciana;Valencia;Con excedentes y compensación Colectivo a través de red - Consumo;4150;1032;2993;
2024-05-06;Comunitat Valenciana;Alicante;Con excedentes y compensación Individual;237373;34882;206738;
2024-05-06;Comunitat Valenciana;Castellón;Con excedentes y compensación Individual;105442;6904;41266;
2024-05-06;Comunitat Valenciana;Valencia;Con excedentes y compensación Individual;391586;33223;190600;
2024-05-06;Comunitat Valenciana;Alicante;Sin Excedentes Individual;0;1018;43932;
2024-05-06;Comunitat Valenciana;Castellón;Sin Excedentes Individual;0;223;31793;
2024-05-06;Comunitat Valenciana;Valencia;Sin Excedentes Individual;0;861;50691;
2024-05-07;Comunitat Valenciana;Alicante;Con excedentes sin compensación Colectivo sin cto de SSAA a través de red - Consumo;4;13;undefined;
2024-05-07;Comunitat Valenciana;Valencia;Con excedentes sin compensación Colectivo sin cto de SSAA a través de red - Consumo;186;16;undefined;
2024-05-07;Comunitat Valenciana;Castellón;Con excedentes sin compensación Individual con contrato de SSAA en Red Interior;671610;14;151135;
2024-05-07;Comunitat Valenciana;Alicante;Con excedentes sin compensación Individual en Red Interior;4000;36;7237;
2024-05-07;Comunitat Valenciana;Castellón;Con excedentes sin compensación Individual en Red Interior;82446;18;33626;
2024-05-07;Comunitat Valenciana;Valencia;Con excedentes sin compensación Individual en Red Interior;34457;58;19502;
2024-05-07;Comunitat Valenciana;Alicante;Con excedentes y compensación Colectivo;3346;657;1181;
2024-05-07;Comunitat Valenciana;Castellón;Con excedentes y compensación Colectivo;1206;76;330;
2024-05-07;Comunitat Valenciana;Valencia;Con excedentes y compensación Colectivo;3189;337;1260;
2024-05-07;Comunitat Valenciana;Alicante;Con excedentes y compensación Colectivo a través de red - Consumo;3264;197;1041;
2024-05-07;Comunitat Valenciana;Castellón;Con excedentes y compensación Colectivo a través de red - Consumo;1847;136;640;
2024-05-07;Comunitat Valenciana;Valencia;Con excedentes y compensación Colectivo a través de red - Consumo;8277;1035;2993;
2024-05-07;Comunitat Valenciana;Alicante;Con excedentes y compensación Individual;750549;34905;206737;
2024-05-07;Comunitat Valenciana;Castellón;Con excedentes y compensación Individual;154104;6910;41266;
2024-05-07;Comunitat Valenciana;Valencia;Con excedentes y compensación Individual;689186;33248;190600;
2024-05-07;Comunitat Valenciana;Alicante;Sin Excedentes Individual;0;1018;43932;
2024-05-07;Comunitat Valenciana;Castellón;Sin Excedentes Individual;0;223;31793;
2024-05-07;Comunitat Valenciana;Valencia;Sin Excedentes Individual;0;864;50691;
2024-05-08;Comunitat Valenciana;Alicante;Con excedentes sin compensación Colectivo sin cto de SSAA a través de red - Consumo;5;13;undefined;
2024-05-08;Comunitat Valenciana;Valencia;Con excedentes sin compensación Colectivo sin cto de SSAA a través de red - Consumo;189;16;undefined;
2024-05-08;Comunitat Valenciana;Castellón;Con excedentes sin compensación Individual con contrato de SSAA en Red Interior;648640;14;151135;
2024-05-08;Comunitat Valenciana;Alicante;Con excedentes sin compensación Individual en Red Interior;3981;37;7237;
2024-05-08;Comunitat Valenciana;Castellón;Con excedentes sin compensación Individual en Red Interior;83192;18;33626;
2024-05-08;Comunitat Valenciana;Valencia;Con excedentes sin compensación Individual en Red Interior;51131;58;19502;
2024-05-08;Comunitat Valenciana;Alicante;Con excedentes y compensación Colectivo;3564;657;1181;
2024-05-08;Comunitat Valenciana;Castellón;Con excedentes y compensación Colectivo;1228;76;330;
2024-05-08;Comunitat Valenciana;Valencia;Con excedentes y compensación Colectivo;3254;337;1260;
2024-05-08;Comunitat Valenciana;Alicante;Con excedentes y compensación Colectivo a través de red - Consumo;3562;197;1041;
2024-05-08;Comunitat Valenciana;Castellón;Con excedentes y compensación Colectivo a través de red - Consumo;1920;142;640;
2024-05-08;Comunitat Valenciana;Valencia;Con excedentes y compensación Colectivo a través de red - Consumo;8618;1035;2993;
2024-05-08;Comunitat Valenciana;Alicante;Con excedentes y compensación Individual;780175;34954;206740;
2024-05-08;Comunitat Valenciana;Castellón;Con excedentes y compensación Individual;156028;6914;41266;
2024-05-08;Comunitat Valenciana;Valencia;Con excedentes y compensación Individual;712982;33280;190600;
2024-05-08;Comunitat Valenciana;Alicante;Sin Excedentes Individual;0;1019;43932;
2024-05-08;Comunitat Valenciana;Castellón;Sin Excedentes Individual;0;223;31793;
2024-05-08;Comunitat Valenciana;Valencia;Sin Excedentes Individual;0;865;50691;
2024-05-09;Comunitat Valenciana;Alicante;Con excedentes sin compensación Colectivo sin cto de SSAA a través de red - Consumo;5;13;undefined;
2024-05-09;Comunitat Valenciana;Valencia;Con excedentes sin compensación Colectivo sin cto de SSAA a través de red - Consumo;186;16;undefined;
2024-05-09;Comunitat Valenciana;Castellón;Con excedentes sin compensación Individual con contrato de SSAA en Red Interior;531624;14;151135;
2024-05-09;Comunitat Valenciana;Alicante;Con excedentes sin compensación Individual en Red Interior;4063;37;7237;
2024-05-09;Comunitat Valenciana;Castellón;Con excedentes sin compensación Individual en Red Interior;81800;18;33626;
2024-05-09;Comunitat Valenciana;Valencia;Con excedentes sin compensación Individual en Red Interior;27126;58;19502;
2024-05-09;Comunitat Valenciana;Alicante;Con excedentes y compensación Colectivo;3522;657;1181;
2024-05-09;Comunitat Valenciana;Castellón;Con excedentes y compensación Colectivo;1239;76;330;
2024-05-09;Comunitat Valenciana;Valencia;Con excedentes y compensación Colectivo;3161;337;1260;
2024-05-09;Comunitat Valenciana;Alicante;Con excedentes y compensación Colectivo a través de red - Consumo;3358;197;1041;
2024-05-09;Comunitat Valenciana;Castellón;Con excedentes y compensación Colectivo a través de red - Consumo;1982;142;640;
2024-05-09;Comunitat Valenciana;Valencia;Con excedentes y compensación Colectivo a través de red - Consumo;8762;1035;2993;
2024-05-09;Comunitat Valenciana;Alicante;Con excedentes y compensación Individual;762150;34992;206739;
2024-05-09;Comunitat Valenciana;Castellón;Con excedentes y compensación Individual;153816;6920;41266;
2024-05-09;Comunitat Valenciana;Valencia;Con excedentes y compensación Individual;692293;33312;190600;
2024-05-09;Comunitat Valenciana;Alicante;Sin Excedentes Individual;0;1019;43932;
2024-05-09;Comunitat Valenciana;Castellón;Sin Excedentes Individual;0;224;31793;
2024-05-09;Comunitat Valenciana;Valencia;Sin Excedentes Individual;0;865;50691;
2024-05-10;Comunitat Valenciana;Alicante;Con excedentes sin compensación Colectivo sin cto de SSAA a través de red - Consumo;4;13;undefined;
2024-05-10;Comunitat Valenciana;Valencia;Con excedentes sin compensación Colectivo sin cto de SSAA a través de red - Consumo;191;16;undefined;
2024-05-10;Comunitat Valenciana;Castellón;Con excedentes sin compensación Individual con contrato de SSAA en Red Interior;595277;14;151135;
2024-05-10;Comunitat Valenciana;Alicante;Con excedentes sin compensación Individual en Red Interior;4269;37;7237;
2024-05-10;Comunitat Valenciana;Castellón;Con excedentes sin compensación Individual en Red Interior;82477;18;33626;
2024-05-10;Comunitat Valenciana;Valencia;Con excedentes sin compensación Individual en Red Interior;21094;59;19502;
2024-05-10;Comunitat Valenciana;Alicante;Con excedentes y compensación Colectivo;3512;657;1181;
2024-05-10;Comunitat Valenciana;Castellón;Con excedentes y compensación Colectivo;1131;76;330;
2024-05-10;Comunitat Valenciana;Valencia;Con excedentes y compensación Colectivo;3012;337;1260;
2024-05-10;Comunitat Valenciana;Alicante;Con excedentes y compensación Colectivo a través de red - Consumo;3275;202;1041;
2024-05-10;Comunitat Valenciana;Castellón;Con excedentes y compensación Colectivo a través de red - Consumo;1911;142;640;
2024-05-10;Comunitat Valenciana;Valencia;Con excedentes y compensación Colectivo a través de red - Consumo;8600;1040;2993;
2024-05-10;Comunitat Valenciana;Alicante;Con excedentes y compensación Individual;772123;35060;206740;
2024-05-10;Comunitat Valenciana;Castellón;Con excedentes y compensación Individual;143493;6926;41266;
2024-05-10;Comunitat Valenciana;Valencia;Con excedentes y compensación Individual;693985;33362;190600;
2024-05-10;Comunitat Valenciana;Alicante;Sin Excedentes Individual;0;1019;43932;
2024-05-10;Comunitat Valenciana;Castellón;Sin Excedentes Individual;0;224;31793;
2024-05-10;Comunitat Valenciana;Valencia;Sin Excedentes Individual;0;865;50691;
2024-05-11;Comunitat Valenciana;Alicante;Con excedentes sin compensación Colectivo sin cto de SSAA a través de red - Consumo;2;13;undefined;
2024-05-11;Comunitat Valenciana;Valencia;Con excedentes sin compensación Colectivo sin cto de SSAA a través de red - Consumo;176;16;undefined;
2024-05-11;Comunitat Valenciana;Castellón;Con excedentes sin compensación Individual con contrato de SSAA en Red Interior;482055;14;151135;
2024-05-11;Comunitat Valenciana;Alicante;Con excedentes sin compensación Individual en Red Interior;5441;37;7237;
2024-05-11;Comunitat Valenciana;Castellón;Con excedentes sin compensación Individual en Red Interior;82851;18;33626;
2024-05-11;Comunitat Valenciana;Valencia;Con excedentes sin compensación Individual en Red Interior;21552;59;19502;
2024-05-11;Comunitat Valenciana;Alicante;Con excedentes y compensación Colectivo;2918;657;1181;
2024-05-11;Comunitat Valenciana;Castellón;Con excedentes y compensación Colectivo;1081;76;330;
2024-05-11;Comunitat Valenciana;Valencia;Con excedentes y compensación Colectivo;3093;337;1260;
2024-05-11;Comunitat Valenciana;Alicante;Con excedentes y compensación Colectivo a través de red - Consumo;3136;202;1041;
2024-05-11;Comunitat Valenciana;Castellón;Con excedentes y compensación Colectivo a través de red - Consumo;2191;151;640;
2024-05-11;Comunitat Valenciana;Valencia;Con excedentes y compensación Colectivo a través de red - Consumo;9309;1040;2993;
2024-05-11;Comunitat Valenciana;Alicante;Con excedentes y compensación Individual;677367;35076;206740;
2024-05-11;Comunitat Valenciana;Castellón;Con excedentes y compensación Individual;142039;6928;41266;
2024-05-11;Comunitat Valenciana;Valencia;Con excedentes y compensación Individual;669908;33384;190600;
2024-05-11;Comunitat Valenciana;Alicante;Sin Excedentes Individual;0;1021;43932;
2024-05-11;Comunitat Valenciana;Castellón;Sin Excedentes Individual;0;224;31793;
2024-05-11;Comunitat Valenciana;Valencia;Sin Excedentes Individual;0;865;50691;
2024-05-12;Comunitat Valenciana;Alicante;Con excedentes sin compensación Colectivo sin cto de SSAA a través de red - Consumo;4;13;undefined;
2024-05-12;Comunitat Valenciana;Valencia;Con excedentes sin compensación Colectivo sin cto de SSAA a través de red - Consumo;182;16;undefined;
2024-05-12;Comunitat Valenciana;Castellón;Con excedentes sin compensación Individual con contrato de SSAA en Red Interior;402033;14;151135;
2024-05-12;Comunitat Valenciana;Alicante;Con excedentes sin compensación Individual en Red Interior;7232;37;7237;
2024-05-12;Comunitat Valenciana;Castellón;Con excedentes sin compensación Individual en Red Interior;27242;18;33626;
2024-05-12;Comunitat Valenciana;Valencia;Con excedentes sin compensación Individual en Red Interior;36137;59;19502;
2024-05-12;Comunitat Valenciana;Alicante;Con excedentes y compensación Colectivo;3753;657;1181;
2024-05-12;Comunitat Valenciana;Castellón;Con excedentes y compensación Colectivo;1077;76;330;
2024-05-12;Comunitat Valenciana;Valencia;Con excedentes y compensación Colectivo;3346;337;1260;
2024-05-12;Comunitat Valenciana;Alicante;Con excedentes y compensación Colectivo a través de red - Consumo;3890;202;1041;
2024-05-12;Comunitat Valenciana;Castellón;Con excedentes y compensación Colectivo a través de red - Consumo;2230;151;640;
2024-05-12;Comunitat Valenciana;Valencia;Con excedentes y compensación Colectivo a través de red - Consumo;10042;1040;2993;
2024-05-12;Comunitat Valenciana;Alicante;Con excedentes y compensación Individual;841324;35079;206740;
2024-05-12;Comunitat Valenciana;Castellón;Con excedentes y compensación Individual;140687;6929;41266;
2024-05-12;Comunitat Valenciana;Valencia;Con excedentes y compensación Individual;722636;33386;190600;
2024-05-12;Comunitat Valenciana;Alicante;Sin Excedentes Individual;0;1021;43932;
2024-05-12;Comunitat Valenciana;Castellón;Sin Excedentes Individual;0;224;31793;
2024-05-12;Comunitat Valenciana;Valencia;Sin Excedentes Individual;0;865;50691;
2024-05-13;Comunitat Valenciana;Alicante;Con excedentes sin compensación Colectivo sin cto de SSAA a través de red - Consumo;4;13;undefined;
2024-05-13;Comunitat Valenciana;Valencia;Con excedentes sin compensación Colectivo sin cto de SSAA a través de red - Consumo;163;16;undefined;
2024-05-13;Comunitat Valenciana;Castellón;Con excedentes sin compensación Individual con contrato de SSAA en Red Interior;559160;14;151135;
2024-05-13;Comunitat Valenciana;Alicante;Con excedentes sin compensación Individual en Red Interior;3665;37;7237;
2024-05-13;Comunitat Valenciana;Castellón;Con excedentes sin compensación Individual en Red Interior;66806;18;33626;
2024-05-13;Comunitat Valenciana;Valencia;Con excedentes sin compensación Individual en Red Interior;18877;59;19502;
2024-05-13;Comunitat Valenciana;Alicante;Con excedentes y compensación Colectivo;3169;657;1181;
2024-05-13;Comunitat Valenciana;Castellón;Con excedentes y compensación Colectivo;971;76;330;
2024-05-13;Comunitat Valenciana;Valencia;Con excedentes y compensación Colectivo;2407;337;1260;
2024-05-13;Comunitat Valenciana;Alicante;Con excedentes y compensación Colectivo a través de red - Consumo;3041;202;1041;
2024-05-13;Comunitat Valenciana;Castellón;Con excedentes y compensación Colectivo a través de red - Consumo;1614;151;640;
2024-05-13;Comunitat Valenciana;Valencia;Con excedentes y compensación Colectivo a través de red - Consumo;7019;1040;2993;
2024-05-13;Comunitat Valenciana;Alicante;Con excedentes y compensación Individual;688941;35080;206744;
2024-05-13;Comunitat Valenciana;Castellón;Con excedentes y compensación Individual;121754;6929;41266;
2024-05-13;Comunitat Valenciana;Valencia;Con excedentes y compensación Individual;566732;33386;190600;
2024-05-13;Comunitat Valenciana;Alicante;Sin Excedentes Individual;0;1021;43932;
2024-05-13;Comunitat Valenciana;Castellón;Sin Excedentes Individual;0;224;31793;
2024-05-13;Comunitat Valenciana;Valencia;Sin Excedentes Individual;0;865;50691;
2024-05-14;Comunitat Valenciana;Alicante;Con excedentes sin compensación Colectivo sin cto de SSAA a través de red - Consumo;5;13;undefined;
2024-05-14;Comunitat Valenciana;Valencia;Con excedentes sin compensación Colectivo sin cto de SSAA a través de red - Consumo;153;16;undefined;
2024-05-14;Comunitat Valenciana;Castellón;Con excedentes sin compensación Individual con contrato de SSAA en Red Interior;621158;14;151135;
2024-05-14;Comunitat Valenciana;Alicante;Con excedentes sin compensación Individual en Red Interior;3269;37;7237;
2024-05-14;Comunitat Valenciana;Castellón;Con excedentes sin compensación Individual en Red Interior;85523;18;33626;
2024-05-14;Comunitat Valenciana;Valencia;Con excedentes sin compensación Individual en Red Interior;21332;60;19502;
2024-05-14;Comunitat Valenciana;Alicante;Con excedentes y compensación Colectivo;3163;657;1181;
2024-05-14;Comunitat Valenciana;Castellón;Con excedentes y compensación Colectivo;980;76;330;
2024-05-14;Comunitat Valenciana;Valencia;Con excedentes y compensación Colectivo;2811;337;1260;
2024-05-14;Comunitat Valenciana;Alicante;Con excedentes y compensación Colectivo a través de red - Consumo;2953;202;1041;
2024-05-14;Comunitat Valenciana;Castellón;Con excedentes y compensación Colectivo a través de red - Consumo;1571;151;640;
2024-05-14;Comunitat Valenciana;Valencia;Con excedentes y compensación Colectivo a través de red - Consumo;7640;1040;2993;
2024-05-14;Comunitat Valenciana;Alicante;Con excedentes y compensación Individual;660589;35123;206744;
2024-05-14;Comunitat Valenciana;Castellón;Con excedentes y compensación Individual;132014;6933;41266;
2024-05-14;Comunitat Valenciana;Valencia;Con excedentes y compensación Individual;599891;33415;190602;
2024-05-14;Comunitat Valenciana;Alicante;Sin Excedentes Individual;0;1022;43932;
2024-05-14;Comunitat Valenciana;Castellón;Sin Excedentes Individual;0;225;31793;
2024-05-14;Comunitat Valenciana;Valencia;Sin Excedentes Individual;0;868;50691;
2024-05-15;Comunitat Valenciana;Alicante;Con excedentes sin compensación Colectivo sin cto de SSAA a través de red - Consumo;5;13;undefined;
2024-05-15;Comunitat Valenciana;Valencia;Con excedentes sin compensación Colectivo sin cto de SSAA a través de red - Consumo;182;16;undefined;
2024-05-15;Comunitat Valenciana;Castellón;Con excedentes sin compensación Individual con contrato de SSAA en Red Interior;668118;14;151135;
2024-05-15;Comunitat Valenciana;Alicante;Con excedentes sin compensación Individual en Red Interior;4001;38;7237;
2024-05-15;Comunitat Valenciana;Castellón;Con excedentes sin compensación Individual en Red Interior;82846;18;33626;
2024-05-15;Comunitat Valenciana;Valencia;Con excedentes sin compensación Individual en Red Interior;30759;60;19502;
2024-05-15;Comunitat Valenciana;Alicante;Con excedentes y compensación Colectivo;3681;657;1181;
2024-05-15;Comunitat Valenciana;Castellón;Con excedentes y compensación Colectivo;696;76;330;
2024-05-15;Comunitat Valenciana;Valencia;Con excedentes y compensación Colectivo;3117;339;1260;
2024-05-15;Comunitat Valenciana;Alicante;Con excedentes y compensación Colectivo a través de red - Consumo;3308;204;1041;
2024-05-15;Comunitat Valenciana;Castellón;Con excedentes y compensación Colectivo a través de red - Consumo;1143;151;640;
2024-05-15;Comunitat Valenciana;Valencia;Con excedentes y compensación Colectivo a través de red - Consumo;8503;1040;2993;
2024-05-15;Comunitat Valenciana;Alicante;Con excedentes y compensación Individual;775062;35173;206744;
2024-05-15;Comunitat Valenciana;Castellón;Con excedentes y compensación Individual;112597;6938;41276;
2024-05-15;Comunitat Valenciana;Valencia;Con excedentes y compensación Individual;672414;33442;190677;
2024-05-15;Comunitat Valenciana;Alicante;Sin Excedentes Individual;0;1024;43932;
2024-05-15;Comunitat Valenciana;Castellón;Sin Excedentes Individual;0;226;31793;
2024-05-15;Comunitat Valenciana;Valencia;Sin Excedentes Individual;0;869;50691;
2024-05-16;Comunitat Valenciana;Alicante;Con excedentes sin compensación Colectivo sin cto de SSAA a través de red - Consumo;5;13;undefined;
2024-05-16;Comunitat Valenciana;Valencia;Con excedentes sin compensación Colectivo sin cto de SSAA a través de red - Consumo;188;16;undefined;
2024-05-16;Comunitat Valenciana;Castellón;Con excedentes sin compensación Individual con contrato de SSAA en Red Interior;760398;14;151135;
2024-05-16;Comunitat Valenciana;Alicante;Con excedentes sin compensación Individual en Red Interior;3826;38;7237;
2024-05-16;Comunitat Valenciana;Castellón;Con excedentes sin compensación Individual en Red Interior;89436;18;33626;
2024-05-16;Comunitat Valenciana;Valencia;Con excedentes sin compensación Individual en Red Interior;27037;60;19502;
2024-05-16;Comunitat Valenciana;Alicante;Con excedentes y compensación Colectivo;3670;657;1181;
2024-05-16;Comunitat Valenciana;Castellón;Con excedentes y compensación Colectivo;1077;76;330;
2024-05-16;Comunitat Valenciana;Valencia;Con excedentes y compensación Colectivo;3034;339;1260;
2024-05-16;Comunitat Valenciana;Alicante;Con excedentes y compensación Colectivo a través de red - Consumo;3390;204;1041;
2024-05-16;Comunitat Valenciana;Castellón;Con excedentes y compensación Colectivo a través de red - Consumo;1696;151;640;
2024-05-16;Comunitat Valenciana;Valencia;Con excedentes y compensación Colectivo a través de red - Consumo;8661;1040;2993;
2024-05-16;Comunitat Valenciana;Alicante;Con excedentes y compensación Individual;782490;35203;206744;
2024-05-16;Comunitat Valenciana;Castellón;Con excedentes y compensación Individual;138739;6949;41276;
2024-05-16;Comunitat Valenciana;Valencia;Con excedentes y compensación Individual;696186;33470;190677;
2024-05-16;Comunitat Valenciana;Alicante;Sin Excedentes Individual;0;1025;43932;
2024-05-16;Comunitat Valenciana;Castellón;Sin Excedentes Individual;0;226;31793;
2024-05-16;Comunitat Valenciana;Valencia;Sin Excedentes Individual;0;870;50691;
2024-05-17;Comunitat Valenciana;Alicante;Con excedentes sin compensación Colectivo sin cto de SSAA a través de red - Consumo;5;13;undefined;
2024-05-17;Comunitat Valenciana;Valencia;Con excedentes sin compensación Colectivo sin cto de SSAA a través de red - Consumo;135;16;undefined;
2024-05-17;Comunitat Valenciana;Castellón;Con excedentes sin compensación Individual con contrato de SSAA en Red Interior;715103;14;151135;
2024-05-17;Comunitat Valenciana;Alicante;Con excedentes sin compensación Individual en Red Interior;4232;38;7237;
2024-05-17;Comunitat Valenciana;Castellón;Con excedentes sin compensación Individual en Red Interior;85478;18;33626;
2024-05-17;Comunitat Valenciana;Valencia;Con excedentes sin compensación Individual en Red Interior;20480;60;19502;
2024-05-17;Comunitat Valenciana;Alicante;Con excedentes y compensación Colectivo;3513;657;1181;
2024-05-17;Comunitat Valenciana;Castellón;Con excedentes y compensación Colectivo;918;76;330;
2024-05-17;Comunitat Valenciana;Valencia;Con excedentes y compensación Colectivo;2487;341;1260;
2024-05-17;Comunitat Valenciana;Alicante;Con excedentes y compensación Colectivo a través de red - Consumo;3242;204;1041;
2024-05-17;Comunitat Valenciana;Castellón;Con excedentes y compensación Colectivo a través de red - Consumo;1555;151;640;
2024-05-17;Comunitat Valenciana;Valencia;Con excedentes y compensación Colectivo a través de red - Consumo;6968;1040;2993;
2024-05-17;Comunitat Valenciana;Alicante;Con excedentes y compensación Individual;775977;35254;206744;
2024-05-17;Comunitat Valenciana;Castellón;Con excedentes y compensación Individual;132721;6960;41276;
2024-05-17;Comunitat Valenciana;Valencia;Con excedentes y compensación Individual;543252;33499;190677;
2024-05-17;Comunitat Valenciana;Alicante;Sin Excedentes Individual;0;1028;43932;
2024-05-17;Comunitat Valenciana;Castellón;Sin Excedentes Individual;0;226;31793;
2024-05-17;Comunitat Valenciana;Valencia;Sin Excedentes Individual;0;872;50691;
2024-05-18;Comunitat Valenciana;Alicante;Con excedentes sin compensación Colectivo sin cto de SSAA a través de red - Consumo;5;13;undefined;
2024-05-18;Comunitat Valenciana;Valencia;Con excedentes sin compensación Colectivo sin cto de SSAA a través de red - Consumo;179;16;undefined;
2024-05-18;Comunitat Valenciana;Castellón;Con excedentes sin compensación Individual con contrato de SSAA en Red Interior;707758;14;151135;
2024-05-18;Comunitat Valenciana;Alicante;Con excedentes sin compensación Individual en Red Interior;5977;38;7237;
2024-05-18;Comunitat Valenciana;Castellón;Con excedentes sin compensación Individual en Red Interior;87540;18;33626;
2024-05-18;Comunitat Valenciana;Valencia;Con excedentes sin compensación Individual en Red Interior;37833;60;19502;
2024-05-18;Comunitat Valenciana;Alicante;Con excedentes y compensación Colectivo;3358;657;1181;
2024-05-18;Comunitat Valenciana;Castellón;Con excedentes y compensación Colectivo;1106;76;330;
2024-05-18;Comunitat Valenciana;Valencia;Con excedentes y compensación Colectivo;3326;341;1260;
2024-05-18;Comunitat Valenciana;Alicante;Con excedentes y compensación Colectivo a través de red - Consumo;3798;204;1041;
2024-05-18;Comunitat Valenciana;Castellón;Con excedentes y compensación Colectivo a través de red - Consumo;2002;151;640;
2024-05-18;Comunitat Valenciana;Valencia;Con excedentes y compensación Colectivo a través de red - Consumo;10171;1040;2993;
2024-05-18;Comunitat Valenciana;Alicante;Con excedentes y compensación Individual;797462;35285;206744;
2024-05-18;Comunitat Valenciana;Castellón;Con excedentes y compensación Individual;144856;6967;41276;
2024-05-18;Comunitat Valenciana;Valencia;Con excedentes y compensación Individual;717441;33519;190677;
2024-05-18;Comunitat Valenciana;Alicante;Sin Excedentes Individual;0;1032;43937;
2024-05-18;Comunitat Valenciana;Castellón;Sin Excedentes Individual;0;226;31793;
2024-05-18;Comunitat Valenciana;Valencia;Sin Excedentes Individual;0;872;50691;
2024-05-19;Comunitat Valenciana;Alicante;Con excedentes sin compensación Colectivo sin cto de SSAA a través de red - Consumo;4;13;undefined;
2024-05-19;Comunitat Valenciana;Valencia;Con excedentes sin compensación Colectivo sin cto de SSAA a través de red - Consumo;145;16;undefined;
2024-05-19;Comunitat Valenciana;Castellón;Con excedentes sin compensación Individual con contrato de SSAA en Red Interior;540054;14;151135;
2024-05-19;Comunitat Valenciana;Alicante;Con excedentes sin compensación Individual en Red Interior;6502;38;7237;
2024-05-19;Comunitat Valenciana;Castellón;Con excedentes sin compensación Individual en Red Interior;10094;18;33626;
2024-05-19;Comunitat Valenciana;Valencia;Con excedentes sin compensación Individual en Red Interior;29770;60;19502;
2024-05-19;Comunitat Valenciana;Alicante;Con excedentes y compensación Colectivo;2985;657;1181;
2024-05-19;Comunitat Valenciana;Castellón;Con excedentes y compensación Colectivo;880;76;330;
2024-05-19;Comunitat Valenciana;Valencia;Con excedentes y compensación Colectivo;3063;341;1260;
2024-05-19;Comunitat Valenciana;Alicante;Con excedentes y compensación Colectivo a través de red - Consumo;3038;204;1041;
2024-05-19;Comunitat Valenciana;Castellón;Con excedentes y compensación Colectivo a través de red - Consumo;1616;151;640;
2024-05-19;Comunitat Valenciana;Valencia;Con excedentes y compensación Colectivo a través de red - Consumo;8318;1040;2993;
2024-05-19;Comunitat Valenciana;Alicante;Con excedentes y compensación Individual;672405;35285;206744;
2024-05-19;Comunitat Valenciana;Castellón;Con excedentes y compensación Individual;118213;6967;41276;
2024-05-19;Comunitat Valenciana;Valencia;Con excedentes y compensación Individual;594588;33519;190677;
2024-05-19;Comunitat Valenciana;Alicante;Sin Excedentes Individual;0;1032;43937;
2024-05-19;Comunitat Valenciana;Castellón;Sin Excedentes Individual;0;226;31793;
2024-05-19;Comunitat Valenciana;Valencia;Sin Excedentes Individual;0;872;50691;
2024-05-20;Comunitat Valenciana;Alicante;Con excedentes sin compensación Colectivo sin cto de SSAA a través de red - Consumo;2;13;undefined;
2024-05-20;Comunitat Valenciana;Valencia;Con excedentes sin compensación Colectivo sin cto de SSAA a través de red - Consumo;151;16;undefined;
2024-05-20;Comunitat Valenciana;Castellón;Con excedentes sin compensación Individual con contrato de SSAA en Red Interior;642863;14;151135;
2024-05-20;Comunitat Valenciana;Alicante;Con excedentes sin compensación Individual en Red Interior;3276;38;7237;
2024-05-20;Comunitat Valenciana;Castellón;Con excedentes sin compensación Individual en Red Interior;66889;18;33626;
2024-05-20;Comunitat Valenciana;Valencia;Con excedentes sin compensación Individual en Red Interior;16961;60;19502;
2024-05-20;Comunitat Valenciana;Alicante;Con excedentes y compensación Colectivo;2439;657;1181;
2024-05-20;Comunitat Valenciana;Castellón;Con excedentes y compensación Colectivo;795;76;330;
2024-05-20;Comunitat Valenciana;Valencia;Con excedentes y compensación Colectivo;2338;341;1260;
2024-05-20;Comunitat Valenciana;Alicante;Con excedentes y compensación Colectivo a través de red - Consumo;2242;204;1041;
2024-05-20;Comunitat Valenciana;Castellón;Con excedentes y compensación Colectivo a través de red - Consumo;1325;151;640;
2024-05-20;Comunitat Valenciana;Valencia;Con excedentes y compensación Colectivo a través de red - Consumo;6212;1040;2993;
2024-05-20;Comunitat Valenciana;Alicante;Con excedentes y compensación Individual;574905;35285;206744;
2024-05-20;Comunitat Valenciana;Castellón;Con excedentes y compensación Individual;110838;6967;41276;
2024-05-20;Comunitat Valenciana;Valencia;Con excedentes y compensación Individual;504657;33519;190677;
2024-05-20;Comunitat Valenciana;Alicante;Sin Excedentes Individual;0;1032;43937;
2024-05-20;Comunitat Valenciana;Castellón;Sin Excedentes Individual;0;226;31793;
2024-05-20;Comunitat Valenciana;Valencia;Sin Excedentes Individual;0;872;50691;
2024-05-21;Comunitat Valenciana;Alicante;Con excedentes sin compensación Colectivo sin cto de SSAA a través de red - Consumo;4;13;undefined;
2024-05-21;Comunitat Valenciana;Valencia;Con excedentes sin compensación Colectivo sin cto de SSAA a través de red - Consumo;169;16;undefined;
2024-05-21;Comunitat Valenciana;Castellón;Con excedentes sin compensación Individual con contrato de SSAA en Red Interior;660834;14;151135;
2024-05-21;Comunitat Valenciana;Alicante;Con excedentes sin compensación Individual en Red Interior;3719;38;7237;
2024-05-21;Comunitat Valenciana;Castellón;Con excedentes sin compensación Individual en Red Interior;90082;18;33626;
2024-05-21;Comunitat Valenciana;Valencia;Con excedentes sin compensación Individual en Red Interior;37131;60;19502;
2024-05-21;Comunitat Valenciana;Alicante;Con excedentes y compensación Colectivo;2869;657;1181;
2024-05-21;Comunitat Valenciana;Castellón;Con excedentes y compensación Colectivo;626;76;330;
2024-05-21;Comunitat Valenciana;Valencia;Con excedentes y compensación Colectivo;2319;343;1260;
2024-05-21;Comunitat Valenciana;Alicante;Con excedentes y compensación Colectivo a través de red - Consumo;2517;204;1041;
2024-05-21;Comunitat Valenciana;Castellón;Con excedentes y compensación Colectivo a través de red - Consumo;1092;151;640;
2024-05-21;Comunitat Valenciana;Valencia;Con excedentes y compensación Colectivo a través de red - Consumo;6040;1040;2993;
2024-05-21;Comunitat Valenciana;Alicante;Con excedentes y compensación Individual;639226;35307;206750;
2024-05-21;Comunitat Valenciana;Castellón;Con excedentes y compensación Individual;83430;6973;41286;
2024-05-21;Comunitat Valenciana;Valencia;Con excedentes y compensación Individual;513643;33555;190677;
2024-05-21;Comunitat Valenciana;Alicante;Sin Excedentes Individual;0;1032;43937;
2024-05-21;Comunitat Valenciana;Castellón;Sin Excedentes Individual;0;226;31793;
2024-05-21;Comunitat Valenciana;Valencia;Sin Excedentes Individual;0;874;50691;
2024-05-22;Comunitat Valenciana;Alicante;Con excedentes sin compensación Colectivo sin cto de SSAA a través de red - Consumo;4;13;undefined;
2024-05-22;Comunitat Valenciana;Valencia;Con excedentes sin compensación Colectivo sin cto de SSAA a través de red - Consumo;192;16;undefined;
2024-05-22;Comunitat Valenciana;Castellón;Con excedentes sin compensación Individual con contrato de SSAA en Red Interior;751565;14;151135;
2024-05-22;Comunitat Valenciana;Alicante;Con excedentes sin compensación Individual en Red Interior;3945;38;7237;
2024-05-22;Comunitat Valenciana;Castellón;Con excedentes sin compensación Individual en Red Interior;89263;18;33626;
2024-05-22;Comunitat Valenciana;Valencia;Con excedentes sin compensación Individual en Red Interior;49764;60;19502;
2024-05-22;Comunitat Valenciana;Alicante;Con excedentes y compensación Colectivo;3427;657;1181;
2024-05-22;Comunitat Valenciana;Castellón;Con excedentes y compensación Colectivo;982;76;330;
2024-05-22;Comunitat Valenciana;Valencia;Con excedentes y compensación Colectivo;3215;343;1260;
2024-05-22;Comunitat Valenciana;Alicante;Con excedentes y compensación Colectivo a través de red - Consumo;3060;204;1041;
2024-05-22;Comunitat Valenciana;Castellón;Con excedentes y compensación Colectivo a través de red - Consumo;1689;151;640;
2024-05-22;Comunitat Valenciana;Valencia;Con excedentes y compensación Colectivo a través de red - Consumo;8560;1040;2993;
2024-05-22;Comunitat Valenciana;Alicante;Con excedentes y compensación Individual;760197;35328;206755;
2024-05-22;Comunitat Valenciana;Castellón;Con excedentes y compensación Individual;145647;6979;41286;
2024-05-22;Comunitat Valenciana;Valencia;Con excedentes y compensación Individual;686787;33578;190677;
2024-05-22;Comunitat Valenciana;Alicante;Sin Excedentes Individual;0;1036;43937;
2024-05-22;Comunitat Valenciana;Castellón;Sin Excedentes Individual;0;226;31793;
2024-05-22;Comunitat Valenciana;Valencia;Sin Excedentes Individual;0;875;50691;
2024-05-23;Comunitat Valenciana;Alicante;Con excedentes sin compensación Colectivo sin cto de SSAA a través de red - Consumo;1;13;undefined;
2024-05-23;Comunitat Valenciana;Valencia;Con excedentes sin compensación Colectivo sin cto de SSAA a través de red - Consumo;163;16;undefined;
2024-05-23;Comunitat Valenciana;Castellón;Con excedentes sin compensación Individual con contrato de SSAA en Red Interior;725009;14;151135;
2024-05-23;Comunitat Valenciana;Alicante;Con excedentes sin compensación Individual en Red Interior;3461;38;7237;
2024-05-23;Comunitat Valenciana;Castellón;Con excedentes sin compensación Individual en Red Interior;87412;18;33626;
2024-05-23;Comunitat Valenciana;Valencia;Con excedentes sin compensación Individual en Red Interior;39227;60;19502;
2024-05-23;Comunitat Valenciana;Alicante;Con excedentes y compensación Colectivo;2096;657;1181;
2024-05-23;Comunitat Valenciana;Castellón;Con excedentes y compensación Colectivo;1186;76;330;
2024-05-23;Comunitat Valenciana;Valencia;Con excedentes y compensación Colectivo;2647;343;1260;
2024-05-23;Comunitat Valenciana;Alicante;Con excedentes y compensación Colectivo a través de red - Consumo;2124;204;1041;
2024-05-23;Comunitat Valenciana;Castellón;Con excedentes y compensación Colectivo a través de red - Consumo;2024;151;640;
2024-05-23;Comunitat Valenciana;Valencia;Con excedentes y compensación Colectivo a través de red - Consumo;6438;1040;2993;
2024-05-23;Comunitat Valenciana;Alicante;Con excedentes y compensación Individual;520355;35358;206755;
2024-05-23;Comunitat Valenciana;Castellón;Con excedentes y compensación Individual;149928;6980;41286;
2024-05-23;Comunitat Valenciana;Valencia;Con excedentes y compensación Individual;525423;33606;190677;
2024-05-23;Comunitat Valenciana;Alicante;Sin Excedentes Individual;0;1037;43937;
2024-05-23;Comunitat Valenciana;Castellón;Sin Excedentes Individual;0;226;31793;
2024-05-23;Comunitat Valenciana;Valencia;Sin Excedentes Individual;0;876;50691;
2024-05-24;Comunitat Valenciana;Alicante;Con excedentes sin compensación Colectivo sin cto de SSAA a través de red - Consumo;4;13;undefined;
2024-05-24;Comunitat Valenciana;Valencia;Con excedentes sin compensación Colectivo sin cto de SSAA a través de red - Consumo;181;16;undefined;
2024-05-24;Comunitat Valenciana;Castellón;Con excedentes sin compensación Individual con contrato de SSAA en Red Interior;661118;14;151135;
2024-05-24;Comunitat Valenciana;Alicante;Con excedentes sin compensación Individual en Red Interior;3780;38;7237;
2024-05-24;Comunitat Valenciana;Castellón;Con excedentes sin compensación Individual en Red Interior;84669;18;33626;
2024-05-24;Comunitat Valenciana;Valencia;Con excedentes sin compensación Individual en Red Interior;24108;60;19502;
2024-05-24;Comunitat Valenciana;Alicante;Con excedentes y compensación Colectivo;3355;657;1181;
2024-05-24;Comunitat Valenciana;Castellón;Con excedentes y compensación Colectivo;991;76;330;
2024-05-24;Comunitat Valenciana;Valencia;Con excedentes y compensación Colectivo;3131;343;1260;
2024-05-24;Comunitat Valenciana;Alicante;Con excedentes y compensación Colectivo a través de red - Consumo;2947;204;1041;
2024-05-24;Comunitat Valenciana;Castellón;Con excedentes y compensación Colectivo a través de red - Consumo;1504;151;640;
2024-05-24;Comunitat Valenciana;Valencia;Con excedentes y compensación Colectivo a través de red - Consumo;7796;1040;2993;
2024-05-24;Comunitat Valenciana;Alicante;Con excedentes y compensación Individual;743584;35374;206755;
2024-05-24;Comunitat Valenciana;Castellón;Con excedentes y compensación Individual;134839;6986;41286;
2024-05-24;Comunitat Valenciana;Valencia;Con excedentes y compensación Individual;628511;33628;190677;
2024-05-24;Comunitat Valenciana;Alicante;Sin Excedentes Individual;0;1038;43937;
2024-05-24;Comunitat Valenciana;Castellón;Sin Excedentes Individual;0;226;31793;
2024-05-24;Comunitat Valenciana;Valencia;Sin Excedentes Individual;0;876;50691;
2024-05-25;Comunitat Valenciana;Alicante;Con excedentes sin compensación Colectivo sin cto de SSAA a través de red - Consumo;4;13;undefined;
2024-05-25;Comunitat Valenciana;Valencia;Con excedentes sin compensación Colectivo sin cto de SSAA a través de red - Consumo;184;16;undefined;
2024-05-25;Comunitat Valenciana;Castellón;Con excedentes sin compensación Individual con contrato de SSAA en Red Interior;295519;14;151135;
2024-05-25;Comunitat Valenciana;Alicante;Con excedentes sin compensación Individual en Red Interior;5835;38;7237;
2024-05-25;Comunitat Valenciana;Castellón;Con excedentes sin compensación Individual en Red Interior;83294;18;33626;
2024-05-25;Comunitat Valenciana;Valencia;Con excedentes sin compensación Individual en Red Interior;21875;60;19502;
2024-05-25;Comunitat Valenciana;Alicante;Con excedentes y compensación Colectivo;3705;657;1181;
2024-05-25;Comunitat Valenciana;Castellón;Con excedentes y compensación Colectivo;1068;76;330;
2024-05-25;Comunitat Valenciana;Valencia;Con excedentes y compensación Colectivo;3555;344;1260;
2024-05-25;Comunitat Valenciana;Alicante;Con excedentes y compensación Colectivo a través de red - Consumo;3756;204;1041;
2024-05-25;Comunitat Valenciana;Castellón;Con excedentes y compensación Colectivo a través de red - Consumo;2146;151;640;
2024-05-25;Comunitat Valenciana;Valencia;Con excedentes y compensación Colectivo a través de red - Consumo;10589;1040;2993;
2024-05-25;Comunitat Valenciana;Alicante;Con excedentes y compensación Individual;835085;35411;206755;
2024-05-25;Comunitat Valenciana;Castellón;Con excedentes y compensación Individual;134007;6992;41286;
2024-05-25;Comunitat Valenciana;Valencia;Con excedentes y compensación Individual;751114;33651;190677;
2024-05-25;Comunitat Valenciana;Alicante;Sin Excedentes Individual;0;1038;43937;
2024-05-25;Comunitat Valenciana;Castellón;Sin Excedentes Individual;0;226;31793;
2024-05-25;Comunitat Valenciana;Valencia;Sin Excedentes Individual;0;879;50691;
2024-05-26;Comunitat Valenciana;Alicante;Con excedentes sin compensación Colectivo sin cto de SSAA a través de red - Consumo;3;13;undefined;
2024-05-26;Comunitat Valenciana;Valencia;Con excedentes sin compensación Colectivo sin cto de SSAA a través de red - Consumo;182;16;undefined;
2024-05-26;Comunitat Valenciana;Castellón;Con excedentes sin compensación Individual con contrato de SSAA en Red Interior;239419;14;151135;
2024-05-26;Comunitat Valenciana;Alicante;Con excedentes sin compensación Individual en Red Interior;6860;38;7237;
2024-05-26;Comunitat Valenciana;Castellón;Con excedentes sin compensación Individual en Red Interior;4214;18;33626;
2024-05-26;Comunitat Valenciana;Valencia;Con excedentes sin compensación Individual en Red Interior;21408;60;19502;
2024-05-26;Comunitat Valenciana;Alicante;Con excedentes y compensación Colectivo;3245;657;1181;
2024-05-26;Comunitat Valenciana;Castellón;Con excedentes y compensación Colectivo;1052;76;330;
2024-05-26;Comunitat Valenciana;Valencia;Con excedentes y compensación Colectivo;3427;344;1260;
2024-05-26;Comunitat Valenciana;Alicante;Con excedentes y compensación Colectivo a través de red - Consumo;3602;204;1041;
2024-05-26;Comunitat Valenciana;Castellón;Con excedentes y compensación Colectivo a través de red - Consumo;2285;151;640;
2024-05-26;Comunitat Valenciana;Valencia;Con excedentes y compensación Colectivo a través de red - Consumo;10257;1040;2993;
2024-05-26;Comunitat Valenciana;Alicante;Con excedentes y compensación Individual;787092;35412;206755;
2024-05-26;Comunitat Valenciana;Castellón;Con excedentes y compensación Individual;140083;6992;41286;
2024-05-26;Comunitat Valenciana;Valencia;Con excedentes y compensación Individual;734732;33651;190677;
2024-05-26;Comunitat Valenciana;Alicante;Sin Excedentes Individual;0;1038;43937;
2024-05-26;Comunitat Valenciana;Castellón;Sin Excedentes Individual;0;226;31793;
2024-05-26;Comunitat Valenciana;Valencia;Sin Excedentes Individual;0;879;50691;
2024-05-27;Comunitat Valenciana;Alicante;Con excedentes sin compensación Colectivo sin cto de SSAA a través de red - Consumo;3;13;undefined;
2024-05-27;Comunitat Valenciana;Valencia;Con excedentes sin compensación Colectivo sin cto de SSAA a través de red - Consumo;131;16;undefined;
2024-05-27;Comunitat Valenciana;Castellón;Con excedentes sin compensación Individual con contrato de SSAA en Red Interior;361302;14;151135;
2024-05-27;Comunitat Valenciana;Alicante;Con excedentes sin compensación Individual en Red Interior;3724;38;7237;
2024-05-27;Comunitat Valenciana;Castellón;Con excedentes sin compensación Individual en Red Interior;68010;18;33626;
2024-05-27;Comunitat Valenciana;Valencia;Con excedentes sin compensación Individual en Red Interior;10078;60;19502;
2024-05-27;Comunitat Valenciana;Alicante;Con excedentes y compensación Colectivo;2957;657;1181;
2024-05-27;Comunitat Valenciana;Castellón;Con excedentes y compensación Colectivo;645;76;330;
2024-05-27;Comunitat Valenciana;Valencia;Con excedentes y compensación Colectivo;2160;344;1260;
2024-05-27;Comunitat Valenciana;Alicante;Con excedentes y compensación Colectivo a través de red - Consumo;2388;204;1041;
2024-05-27;Comunitat Valenciana;Castellón;Con excedentes y compensación Colectivo a través de red - Consumo;1294;151;640;
2024-05-27;Comunitat Valenciana;Valencia;Con excedentes y compensación Colectivo a través de red - Consumo;5601;1040;2993;
2024-05-27;Comunitat Valenciana;Alicante;Con excedentes y compensación Individual;641574;35412;206755;
2024-05-27;Comunitat Valenciana;Castellón;Con excedentes y compensación Individual;95267;6992;41286;
2024-05-27;Comunitat Valenciana;Valencia;Con excedentes y compensación Individual;414129;33651;190677;
2024-05-27;Comunitat Valenciana;Alicante;Sin Excedentes Individual;0;1038;43937;
2024-05-27;Comunitat Valenciana;Castellón;Sin Excedentes Individual;0;226;31793;
2024-05-27;Comunitat Valenciana;Valencia;Sin Excedentes Individual;0;879;50691;
2024-05-28;Comunitat Valenciana;Alicante;Con excedentes sin compensación Colectivo sin cto de SSAA a través de red - Consumo;3;13;undefined;
2024-05-28;Comunitat Valenciana;Valencia;Con excedentes sin compensación Colectivo sin cto de SSAA a través de red - Consumo;184;16;undefined;
2024-05-28;Comunitat Valenciana;Castellón;Con excedentes sin compensación Individual con contrato de SSAA en Red Interior;471300;14;151135;
2024-05-28;Comunitat Valenciana;Alicante;Con excedentes sin compensación Individual en Red Interior;3694;38;7237;
2024-05-28;Comunitat Valenciana;Castellón;Con excedentes sin compensación Individual en Red Interior;89050;18;33626;
2024-05-28;Comunitat Valenciana;Valencia;Con excedentes sin compensación Individual en Red Interior;15261;60;19502;
2024-05-28;Comunitat Valenciana;Alicante;Con excedentes y compensación Colectivo;3047;657;1181;
2024-05-28;Comunitat Valenciana;Castellón;Con excedentes y compensación Colectivo;1114;76;330;
2024-05-28;Comunitat Valenciana;Valencia;Con excedentes y compensación Colectivo;2877;344;1260;
2024-05-28;Comunitat Valenciana;Alicante;Con excedentes y compensación Colectivo a través de red - Consumo;2668;204;1041;
2024-05-28;Comunitat Valenciana;Castellón;Con excedentes y compensación Colectivo a través de red - Consumo;1811;151;640;
2024-05-28;Comunitat Valenciana;Valencia;Con excedentes y compensación Colectivo a través de red - Consumo;7027;1045;2993;
2024-05-28;Comunitat Valenciana;Alicante;Con excedentes y compensación Individual;692823;35452;206755;
2024-05-28;Comunitat Valenciana;Castellón;Con excedentes y compensación Individual;144805;6998;41286;
2024-05-28;Comunitat Valenciana;Valencia;Con excedentes y compensación Individual;576667;33682;190677;
2024-05-28;Comunitat Valenciana;Alicante;Sin Excedentes Individual;0;1038;43937;
2024-05-28;Comunitat Valenciana;Castellón;Sin Excedentes Individual;0;226;31793;
2024-05-28;Comunitat Valenciana;Valencia;Sin Excedentes Individual;0;881;50691;
2024-05-29;Comunitat Valenciana;Alicante;Con excedentes sin compensación Colectivo sin cto de SSAA a través de red - Consumo;4;13;undefined;
2024-05-29;Comunitat Valenciana;Valencia;Con excedentes sin compensación Colectivo sin cto de SSAA a través de red - Consumo;182;16;undefined;
2024-05-29;Comunitat Valenciana;Castellón;Con excedentes sin compensación Individual con contrato de SSAA en Red Interior;485180;14;151135;
2024-05-29;Comunitat Valenciana;Alicante;Con excedentes sin compensación Individual en Red Interior;3887;38;7237;
2024-05-29;Comunitat Valenciana;Castellón;Con excedentes sin compensación Individual en Red Interior;82482;18;33626;
2024-05-29;Comunitat Valenciana;Valencia;Con excedentes sin compensación Individual en Red Interior;18821;60;19502;
2024-05-29;Comunitat Valenciana;Alicante;Con excedentes y compensación Colectivo;3284;657;1181;
2024-05-29;Comunitat Valenciana;Castellón;Con excedentes y compensación Colectivo;1099;76;330;
2024-05-29;Comunitat Valenciana;Valencia;Con excedentes y compensación Colectivo;2931;344;1260;
2024-05-29;Comunitat Valenciana;Alicante;Con excedentes y compensación Colectivo a través de red - Consumo;2949;204;1041;
2024-05-29;Comunitat Valenciana;Castellón;Con excedentes y compensación Colectivo a través de red - Consumo;1950;151;640;
2024-05-29;Comunitat Valenciana;Valencia;Con excedentes y compensación Colectivo a través de red - Consumo;8104;1045;2993;
2024-05-29;Comunitat Valenciana;Alicante;Con excedentes y compensación Individual;752755;35469;206755;
2024-05-29;Comunitat Valenciana;Castellón;Con excedentes y compensación Individual;141213;7004;41286;
2024-05-29;Comunitat Valenciana;Valencia;Con excedentes y compensación Individual;654354;33702;190677;
2024-05-29;Comunitat Valenciana;Alicante;Sin Excedentes Individual;0;1040;43937;
2024-05-29;Comunitat Valenciana;Castellón;Sin Excedentes Individual;0;226;31793;
2024-05-29;Comunitat Valenciana;Valencia;Sin Excedentes Individual;0;882;50691;
2024-05-30;Comunitat Valenciana;Alicante;Con excedentes sin compensación Colectivo sin cto de SSAA a través de red - Consumo;4;13;undefined;
2024-05-30;Comunitat Valenciana;Valencia;Con excedentes sin compensación Colectivo sin cto de SSAA a través de red - Consumo;176;16;undefined;
2024-05-30;Comunitat Valenciana;Castellón;Con excedentes sin compensación Individual con contrato de SSAA en Red Interior;440201;14;151135;
2024-05-30;Comunitat Valenciana;Alicante;Con excedentes sin compensación Individual en Red Interior;4012;38;7237;
2024-05-30;Comunitat Valenciana;Castellón;Con excedentes sin compensación Individual en Red Interior;83248;18;33626;
2024-05-30;Comunitat Valenciana;Valencia;Con excedentes sin compensación Individual en Red Interior;13193;61;19502;
2024-05-30;Comunitat Valenciana;Alicante;Con excedentes y compensación Colectivo;3161;657;1181;
2024-05-30;Comunitat Valenciana;Castellón;Con excedentes y compensación Colectivo;1101;76;330;
2024-05-30;Comunitat Valenciana;Valencia;Con excedentes y compensación Colectivo;2891;344;1260;
2024-05-30;Comunitat Valenciana;Alicante;Con excedentes y compensación Colectivo a través de red - Consumo;2730;248;1041;
2024-05-30;Comunitat Valenciana;Castellón;Con excedentes y compensación Colectivo a través de red - Consumo;1793;151;640;
2024-05-30;Comunitat Valenciana;Valencia;Con excedentes y compensación Colectivo a través de red - Consumo;7543;1045;2993;
2024-05-30;Comunitat Valenciana;Alicante;Con excedentes y compensación Individual;732065;35547;206755;
2024-05-30;Comunitat Valenciana;Castellón;Con excedentes y compensación Individual;139341;7013;41286;
2024-05-30;Comunitat Valenciana;Valencia;Con excedentes y compensación Individual;636285;33738;190677;
2024-05-30;Comunitat Valenciana;Alicante;Sin Excedentes Individual;0;1042;43937;
2024-05-30;Comunitat Valenciana;Castellón;Sin Excedentes Individual;0;226;31793;
2024-05-30;Comunitat Valenciana;Valencia;Sin Excedentes Individual;0;882;50691;
2024-05-31;Comunitat Valenciana;Alicante;Con excedentes sin compensación Colectivo sin cto de SSAA a través de red - Consumo;5;13;undefined;
2024-05-31;Comunitat Valenciana;Valencia;Con excedentes sin compensación Colectivo sin cto de SSAA a través de red - Consumo;106;16;undefined;
2024-05-31;Comunitat Valenciana;Castellón;Con excedentes sin compensación Individual con contrato de SSAA en Red Interior;227439;14;151135;
2024-05-31;Comunitat Valenciana;Alicante;Con excedentes sin compensación Individual en Red Interior;3261;38;7237;
2024-05-31;Comunitat Valenciana;Castellón;Con excedentes sin compensación Individual en Red Interior;82317;18;33626;
2024-05-31;Comunitat Valenciana;Valencia;Con excedentes sin compensación Individual en Red Interior;6064;61;19502;
2024-05-31;Comunitat Valenciana;Alicante;Con excedentes y compensación Colectivo;2671;657;1181;
2024-05-31;Comunitat Valenciana;Castellón;Con excedentes y compensación Colectivo;879;76;330;
2024-05-31;Comunitat Valenciana;Valencia;Con excedentes y compensación Colectivo;1458;346;1260;
2024-05-31;Comunitat Valenciana;Alicante;Con excedentes y compensación Colectivo a través de red - Consumo;1957;249;1041;
2024-05-31;Comunitat Valenciana;Castellón;Con excedentes y compensación Colectivo a través de red - Consumo;1777;151;640;
2024-05-31;Comunitat Valenciana;Valencia;Con excedentes y compensación Colectivo a través de red - Consumo;5141;1049;2993;
2024-05-31;Comunitat Valenciana;Alicante;Con excedentes y compensación Individual;516576;35562;206755;
2024-05-31;Comunitat Valenciana;Castellón;Con excedentes y compensación Individual;109445;7018;41286;
2024-05-31;Comunitat Valenciana;Valencia;Con excedentes y compensación Individual;405867;33761;190677;
2024-05-31;Comunitat Valenciana;Alicante;Sin Excedentes Individual;0;1043;43937;
2024-05-31;Comunitat Valenciana;Castellón;Sin Excedentes Individual;0;226;31793;
2024-05-31;Comunitat Valenciana;Valencia;Sin Excedentes Individual;0;882;50691;
